"Date(UTC)","UnixTimeStamp","Value (Wei)"
"7/30/2015","1438214400","0"
"7/31/2015","1438300800","0"
"8/1/2015","1438387200","0"
"8/2/2015","1438473600","0"
"8/3/2015","1438560000","0"
"8/4/2015","1438646400","0"
"8/5/2015","1438732800","0"
"8/6/2015","1438819200","0"
"8/7/2015","1438905600","604684154870"
"8/8/2015","1438992000","322713574989"
"8/9/2015","1439078400","475467129048"
"8/10/2015","1439164800","421654904254"
"8/11/2015","1439251200","77838819162"
"8/12/2015","1439337600","444902379011"
"8/13/2015","1439424000","268683475202"
"8/14/2015","1439510400","193455494453"
"8/15/2015","1439596800","144368937208"
"8/16/2015","1439683200","120940093311"
"8/17/2015","1439769600","132149993345"
"8/18/2015","1439856000","146513014268"
"8/19/2015","1439942400","194583349948"
"8/20/2015","1440028800","99011782801"
"8/21/2015","1440115200","79543407701"
"8/22/2015","1440201600","552841333007"
"8/23/2015","1440288000","73439482806"
"8/24/2015","1440374400","92409814705"
"8/25/2015","1440460800","76432335617"
"8/26/2015","1440547200","60481160549"
"8/27/2015","1440633600","59307091958"
"8/28/2015","1440720000","92879907335"
"8/29/2015","1440806400","56211090684"
"8/30/2015","1440892800","55155494457"
"8/31/2015","1440979200","58423521569"
"9/1/2015","1441065600","56671549652"
"9/2/2015","1441152000","59243651401"
"9/3/2015","1441238400","55051483461"
"9/4/2015","1441324800","58779015464"
"9/5/2015","1441411200","54768144366"
"9/6/2015","1441497600","55089818552"
"9/7/2015","1441584000","53594260637"
"9/8/2015","1441670400","64932639811"
"9/9/2015","1441756800","53779997784"
"9/10/2015","1441843200","54630657670"
"9/11/2015","1441929600","55713802958"
"9/12/2015","1442016000","61830202468"
"9/13/2015","1442102400","52313524792"
"9/14/2015","1442188800","53772389657"
"9/15/2015","1442275200","53191101494"
"9/16/2015","1442361600","111518559318"
"9/17/2015","1442448000","55637920883"
"9/18/2015","1442534400","55703151966"
"9/19/2015","1442620800","51639660974"
"9/20/2015","1442707200","52910345407"
"9/21/2015","1442793600","51171380285"
"9/22/2015","1442880000","51465441496"
"9/23/2015","1442966400","51732832046"
"9/24/2015","1443052800","54262646753"
"9/25/2015","1443139200","52300197415"
"9/26/2015","1443225600","55315658061"
"9/27/2015","1443312000","51025979902"
"9/28/2015","1443398400","52683661382"
"9/29/2015","1443484800","55437141860"
"9/30/2015","1443571200","51461473059"
"10/1/2015","1443657600","51474669294"
"10/2/2015","1443744000","52567714347"
"10/3/2015","1443830400","52502578427"
"10/4/2015","1443916800","50733256095"
"10/5/2015","1444003200","50742818443"
"10/6/2015","1444089600","51375494165"
"10/7/2015","1444176000","51181314265"
"10/8/2015","1444262400","56971870131"
"10/9/2015","1444348800","61962572208"
"10/10/2015","1444435200","64893302980"
"10/11/2015","1444521600","56318375319"
"10/12/2015","1444608000","51359902694"
"10/13/2015","1444694400","53219625156"
"10/14/2015","1444780800","57976429615"
"10/15/2015","1444867200","54823147993"
"10/16/2015","1444953600","53404946237"
"10/17/2015","1445040000","53619552703"
"10/18/2015","1445126400","52006592112"
"10/19/2015","1445212800","52456819761"
"10/20/2015","1445299200","53767556518"
"10/21/2015","1445385600","53588794315"
"10/22/2015","1445472000","57253941421"
"10/23/2015","1445558400","51207267003"
"10/24/2015","1445644800","50749518370"
"10/25/2015","1445731200","51635339670"
"10/26/2015","1445817600","54585998170"
"10/27/2015","1445904000","53525777571"
"10/28/2015","1445990400","54787998286"
"10/29/2015","1446076800","52364630378"
"10/30/2015","1446163200","54017718700"
"10/31/2015","1446249600","53753181787"
"11/1/2015","1446336000","50751088484"
"11/2/2015","1446422400","53162663704"
"11/3/2015","1446508800","51578536572"
"11/4/2015","1446595200","52243136362"
"11/5/2015","1446681600","52990311400"
"11/6/2015","1446768000","52184810513"
"11/7/2015","1446854400","51944373853"
"11/8/2015","1446940800","52414324288"
"11/9/2015","1447027200","51918274052"
"11/10/2015","1447113600","52237284910"
"11/11/2015","1447200000","52560853806"
"11/12/2015","1447286400","59050838844"
"11/13/2015","1447372800","51534479321"
"11/14/2015","1447459200","51216461485"
"11/15/2015","1447545600","51537798825"
"11/16/2015","1447632000","56768038418"
"11/17/2015","1447718400","56303859554"
"11/18/2015","1447804800","53515892028"
"11/19/2015","1447891200","54119551224"
"11/20/2015","1447977600","54384895828"
"11/21/2015","1448064000","54039631830"
"11/22/2015","1448150400","53793371733"
"11/23/2015","1448236800","55629754775"
"11/24/2015","1448323200","58042755370"
"11/25/2015","1448409600","54235748106"
"11/26/2015","1448496000","53986356287"
"11/27/2015","1448582400","53456555142"
"11/28/2015","1448668800","54312682973"
"11/29/2015","1448755200","53321187419"
"11/30/2015","1448841600","55199244474"
"12/1/2015","1448928000","54837947431"
"12/2/2015","1449014400","53588845124"
"12/3/2015","1449100800","53564860105"
"12/4/2015","1449187200","53920215595"
"12/5/2015","1449273600","54430269329"
"12/6/2015","1449360000","53904812363"
"12/7/2015","1449446400","53988885934"
"12/8/2015","1449532800","53743612456"
"12/9/2015","1449619200","54733915734"
"12/10/2015","1449705600","54938250098"
"12/11/2015","1449792000","58195798149"
"12/12/2015","1449878400","59486449382"
"12/13/2015","1449964800","56701649126"
"12/14/2015","1450051200","53372600387"
"12/15/2015","1450137600","62650330558"
"12/16/2015","1450224000","54026271431"
"12/17/2015","1450310400","55081281267"
"12/18/2015","1450396800","55034649240"
"12/19/2015","1450483200","53891713881"
"12/20/2015","1450569600","53342677327"
"12/21/2015","1450656000","53466176225"
"12/22/2015","1450742400","53627121090"
"12/23/2015","1450828800","55663754533"
"12/24/2015","1450915200","52792315740"
"12/25/2015","1451001600","53550792729"
"12/26/2015","1451088000","53675955367"
"12/27/2015","1451174400","66846252680"
"12/28/2015","1451260800","53108130511"
"12/29/2015","1451347200","53729001893"
"12/30/2015","1451433600","56716784472"
"12/31/2015","1451520000","57661175081"
"1/1/2016","1451606400","54747565393"
"1/2/2016","1451692800","53323453178"
"1/3/2016","1451779200","53342341402"
"1/4/2016","1451865600","54038066808"
"1/5/2016","1451952000","57078526509"
"1/6/2016","1452038400","53724486418"
"1/7/2016","1452124800","53273537581"
"1/8/2016","1452211200","53800517545"
"1/9/2016","1452297600","53277018400"
"1/10/2016","1452384000","53104731714"
"1/11/2016","1452470400","53940328769"
"1/12/2016","1452556800","54526276152"
"1/13/2016","1452643200","58256098368"
"1/14/2016","1452729600","55250356301"
"1/15/2016","1452816000","57562550443"
"1/16/2016","1452902400","55150540726"
"1/17/2016","1452988800","53477721574"
"1/18/2016","1453075200","53945900879"
"1/19/2016","1453161600","53767376718"
"1/20/2016","1453248000","55721616549"
"1/21/2016","1453334400","60639283859"
"1/22/2016","1453420800","56195249052"
"1/23/2016","1453507200","55504259187"
"1/24/2016","1453593600","58951408559"
"1/25/2016","1453680000","56752420983"
"1/26/2016","1453766400","58955359850"
"1/27/2016","1453852800","58687046251"
"1/28/2016","1453939200","56180261528"
"1/29/2016","1454025600","59508641167"
"1/30/2016","1454112000","67198755701"
"1/31/2016","1454198400","66544976813"
"2/1/2016","1454284800","66170097350"
"2/2/2016","1454371200","65763607541"
"2/3/2016","1454457600","64138762372"
"2/4/2016","1454544000","73409019027"
"2/5/2016","1454630400","68267066894"
"2/6/2016","1454716800","131916789237"
"2/7/2016","1454803200","81674346130"
"2/8/2016","1454889600","80464718771"
"2/9/2016","1454976000","124510154916"
"2/10/2016","1455062400","141417210581"
"2/11/2016","1455148800","66426480457"
"2/12/2016","1455235200","62799761220"
"2/13/2016","1455321600","57729244744"
"2/14/2016","1455408000","53479540613"
"2/15/2016","1455494400","56788416456"
"2/16/2016","1455580800","55814592783"
"2/17/2016","1455667200","54601880947"
"2/18/2016","1455753600","54513971078"
"2/19/2016","1455840000","54608221632"
"2/20/2016","1455926400","53778238540"
"2/21/2016","1456012800","54255151037"
"2/22/2016","1456099200","59577980579"
"2/23/2016","1456185600","61016867321"
"2/24/2016","1456272000","58177356219"
"2/25/2016","1456358400","57464169480"
"2/26/2016","1456444800","54600904591"
"2/27/2016","1456531200","54108259575"
"2/28/2016","1456617600","54072562583"
"2/29/2016","1456704000","58416492222"
"3/1/2016","1456790400","59690933816"
"3/2/2016","1456876800","67322497890"
"3/3/2016","1456963200","56545945782"
"3/4/2016","1457049600","53626100171"
"3/5/2016","1457136000","47489912177"
"3/6/2016","1457222400","47260765636"
"3/7/2016","1457308800","50440843854"
"3/8/2016","1457395200","53596473626"
"3/9/2016","1457481600","38089619702"
"3/10/2016","1457568000","30204433047"
"3/11/2016","1457654400","29035652694"
"3/12/2016","1457740800","29197411911"
"3/13/2016","1457827200","30820960382"
"3/14/2016","1457913600","28509995013"
"3/15/2016","1458000000","26342144976"
"3/16/2016","1458086400","25523949148"
"3/17/2016","1458172800","27708932990"
"3/18/2016","1458259200","26302902480"
"3/19/2016","1458345600","29326753003"
"3/20/2016","1458432000","26655411712"
"3/21/2016","1458518400","26198708915"
"3/22/2016","1458604800","23516912695"
"3/23/2016","1458691200","24515668491"
"3/24/2016","1458777600","24817035022"
"3/25/2016","1458864000","28125320881"
"3/26/2016","1458950400","25100050063"
"3/27/2016","1459036800","23366025518"
"3/28/2016","1459123200","23293862605"
"3/29/2016","1459209600","24748798767"
"3/30/2016","1459296000","29356903690"
"3/31/2016","1459382400","23943731847"
"4/1/2016","1459468800","23089731009"
"4/2/2016","1459555200","22939736669"
"4/3/2016","1459641600","22705288437"
"4/4/2016","1459728000","23071306359"
"4/5/2016","1459814400","22855001812"
"4/6/2016","1459900800","23774218158"
"4/7/2016","1459987200","22920002717"
"4/8/2016","1460073600","23663537901"
"4/9/2016","1460160000","23374699345"
"4/10/2016","1460246400","23678330657"
"4/11/2016","1460332800","23659454582"
"4/12/2016","1460419200","23059716953"
"4/13/2016","1460505600","25246911318"
"4/14/2016","1460592000","25758426765"
"4/15/2016","1460678400","22848354360"
"4/16/2016","1460764800","22969314896"
"4/17/2016","1460851200","23167419890"
"4/18/2016","1460937600","22692256964"
"4/19/2016","1461024000","22921917181"
"4/20/2016","1461110400","23244541703"
"4/21/2016","1461196800","24583057704"
"4/22/2016","1461283200","23168317793"
"4/23/2016","1461369600","23328772911"
"4/24/2016","1461456000","22898306186"
"4/25/2016","1461542400","22894325246"
"4/26/2016","1461628800","24013247909"
"4/27/2016","1461715200","22769355411"
"4/28/2016","1461801600","23151110557"
"4/29/2016","1461888000","22517844341"
"4/30/2016","1461974400","23589420595"
"5/1/2016","1462060800","24074701211"
"5/2/2016","1462147200","23735031560"
"5/3/2016","1462233600","24296239464"
"5/4/2016","1462320000","23683442809"
"5/5/2016","1462406400","24293386757"
"5/6/2016","1462492800","23038005218"
"5/7/2016","1462579200","23118154788"
"5/8/2016","1462665600","23310345000"
"5/9/2016","1462752000","23021017203"
"5/10/2016","1462838400","23592720268"
"5/11/2016","1462924800","23627226077"
"5/12/2016","1463011200","25330807567"
"5/13/2016","1463097600","28093994639"
"5/14/2016","1463184000","23703052414"
"5/15/2016","1463270400","22439773235"
"5/16/2016","1463356800","22740132145"
"5/17/2016","1463443200","22852181919"
"5/18/2016","1463529600","23498384260"
"5/19/2016","1463616000","23539460755"
"5/20/2016","1463702400","23617555647"
"5/21/2016","1463788800","22932813089"
"5/22/2016","1463875200","22915048414"
"5/23/2016","1463961600","23047905809"
"5/24/2016","1464048000","23390787327"
"5/25/2016","1464134400","23119167836"
"5/26/2016","1464220800","22614164987"
"5/27/2016","1464307200","23740827315"
"5/28/2016","1464393600","26746665349"
"5/29/2016","1464480000","23677018969"
"5/30/2016","1464566400","23145863918"
"5/31/2016","1464652800","22735089093"
"6/1/2016","1464739200","22687558792"
"6/2/2016","1464825600","22831513081"
"6/3/2016","1464912000","22754854055"
"6/4/2016","1464998400","22562926511"
"6/5/2016","1465084800","22634657554"
"6/6/2016","1465171200","23217826841"
"6/7/2016","1465257600","23737534493"
"6/8/2016","1465344000","23042966451"
"6/9/2016","1465430400","22658862386"
"6/10/2016","1465516800","22804128940"
"6/11/2016","1465603200","22375029283"
"6/12/2016","1465689600","22951154962"
"6/13/2016","1465776000","22759240658"
"6/14/2016","1465862400","22856579441"
"6/15/2016","1465948800","22714226454"
"6/16/2016","1466035200","23212696396"
"6/17/2016","1466121600","24632069593"
"6/18/2016","1466208000","24843768913"
"6/19/2016","1466294400","22736174769"
"6/20/2016","1466380800","22691090048"
"6/21/2016","1466467200","25068845210"
"6/22/2016","1466553600","23017973391"
"6/23/2016","1466640000","22617185981"
"6/24/2016","1466726400","22376397200"
"6/25/2016","1466812800","22497935939"
"6/26/2016","1466899200","22141167067"
"6/27/2016","1466985600","22312348466"
"6/28/2016","1467072000","22584213073"
"6/29/2016","1467158400","22918582594"
"6/30/2016","1467244800","22446491113"
"7/1/2016","1467331200","22618172634"
"7/2/2016","1467417600","22174765936"
"7/3/2016","1467504000","22438609328"
"7/4/2016","1467590400","22445903080"
"7/5/2016","1467676800","22791928270"
"7/6/2016","1467763200","22376280596"
"7/7/2016","1467849600","22363551641"
"7/8/2016","1467936000","22368208463"
"7/9/2016","1468022400","22412574674"
"7/10/2016","1468108800","22296567527"
"7/11/2016","1468195200","22505333819"
"7/12/2016","1468281600","22440652514"
"7/13/2016","1468368000","22106770557"
"7/14/2016","1468454400","22324847989"
"7/15/2016","1468540800","22150401292"
"7/16/2016","1468627200","22453905433"
"7/17/2016","1468713600","22385907496"
"7/18/2016","1468800000","22194304300"
"7/19/2016","1468886400","21817375021"
"7/20/2016","1468972800","22553228644"
"7/21/2016","1469059200","22496025782"
"7/22/2016","1469145600","22388524770"
"7/23/2016","1469232000","22644090502"
"7/24/2016","1469318400","23334840904"
"7/25/2016","1469404800","23055593809"
"7/26/2016","1469491200","23802114598"
"7/27/2016","1469577600","22886382980"
"7/28/2016","1469664000","24336775150"
"7/29/2016","1469750400","22951966479"
"7/30/2016","1469836800","22341575288"
"7/31/2016","1469923200","22551495057"
"8/1/2016","1470009600","22560601997"
"8/2/2016","1470096000","22679744211"
"8/3/2016","1470182400","22667499175"
"8/4/2016","1470268800","22424068262"
"8/5/2016","1470355200","22709716839"
"8/6/2016","1470441600","22261007498"
"8/7/2016","1470528000","22143757119"
"8/8/2016","1470614400","22238663553"
"8/9/2016","1470700800","22880314198"
"8/10/2016","1470787200","22839922128"
"8/11/2016","1470873600","22430005194"
"8/12/2016","1470960000","23389186213"
"8/13/2016","1471046400","22116282460"
"8/14/2016","1471132800","22080023368"
"8/15/2016","1471219200","22387394758"
"8/16/2016","1471305600","22133315567"
"8/17/2016","1471392000","22449010538"
"8/18/2016","1471478400","22271755769"
"8/19/2016","1471564800","23013031811"
"8/20/2016","1471651200","22008202022"
"8/21/2016","1471737600","22724928781"
"8/22/2016","1471824000","22323641612"
"8/23/2016","1471910400","22472449180"
"8/24/2016","1471996800","22134955112"
"8/25/2016","1472083200","21662495420"
"8/26/2016","1472169600","22060468684"
"8/27/2016","1472256000","22084491734"
"8/28/2016","1472342400","22327330954"
"8/29/2016","1472428800","22503390990"
"8/30/2016","1472515200","21969060645"
"8/31/2016","1472601600","22383972827"
"9/1/2016","1472688000","22350497450"
"9/2/2016","1472774400","21832746445"
"9/3/2016","1472860800","22180114518"
"9/4/2016","1472947200","23122925314"
"9/5/2016","1473033600","22297761925"
"9/6/2016","1473120000","22011556383"
"9/7/2016","1473206400","22086810764"
"9/8/2016","1473292800","22630806155"
"9/9/2016","1473379200","21954984795"
"9/10/2016","1473465600","22516085593"
"9/11/2016","1473552000","23221716092"
"9/12/2016","1473638400","23192092540"
"9/13/2016","1473724800","22172975216"
"9/14/2016","1473811200","21847315101"
"9/15/2016","1473897600","22076869309"
"9/16/2016","1473984000","21913132122"
"9/17/2016","1474070400","22349371995"
"9/18/2016","1474156800","22722051979"
"9/19/2016","1474243200","22459974842"
"9/20/2016","1474329600","22114596899"
"9/21/2016","1474416000","21875371150"
"9/22/2016","1474502400","21998293790"
"9/23/2016","1474588800","36520780497"
"9/24/2016","1474675200","33231902597"
"9/25/2016","1474761600","38650733832"
"9/26/2016","1474848000","43188170153"
"9/27/2016","1474934400","35880566234"
"9/28/2016","1475020800","31053957466"
"9/29/2016","1475107200","30521640536"
"9/30/2016","1475193600","29817386069"
"10/1/2016","1475280000","27851144123"
"10/2/2016","1475366400","29274270351"
"10/3/2016","1475452800","28921116127"
"10/4/2016","1475539200","25719466740"
"10/5/2016","1475625600","25204877308"
"10/6/2016","1475712000","23383154022"
"10/7/2016","1475798400","23148248452"
"10/8/2016","1475884800","23382156317"
"10/9/2016","1475971200","24293403159"
"10/10/2016","1476057600","23808820587"
"10/11/2016","1476144000","24289033632"
"10/12/2016","1476230400","26037096488"
"10/13/2016","1476316800","74508549155"
"10/14/2016","1476403200","47491822159"
"10/15/2016","1476489600","67021626922"
"10/16/2016","1476576000","64860315135"
"10/17/2016","1476662400","62917625993"
"10/18/2016","1476748800","56109104953"
"10/19/2016","1476835200","26727015004"
"10/20/2016","1476921600","28388678071"
"10/21/2016","1477008000","27327186756"
"10/22/2016","1477094400","25568419660"
"10/23/2016","1477180800","27189463354"
"10/24/2016","1477267200","26738598194"
"10/25/2016","1477353600","25467763116"
"10/26/2016","1477440000","24766803093"
"10/27/2016","1477526400","25335805631"
"10/28/2016","1477612800","26393346615"
"10/29/2016","1477699200","26931401011"
"10/30/2016","1477785600","25710654068"
"10/31/2016","1477872000","24958279875"
"11/1/2016","1477958400","27306724366"
"11/2/2016","1478044800","24483859111"
"11/3/2016","1478131200","24961749448"
"11/4/2016","1478217600","23953353775"
"11/5/2016","1478304000","24196990421"
"11/6/2016","1478390400","24064007293"
"11/7/2016","1478476800","24556000429"
"11/8/2016","1478563200","24358801328"
"11/9/2016","1478649600","25674126403"
"11/10/2016","1478736000","24703835063"
"11/11/2016","1478822400","28889390493"
"11/12/2016","1478908800","25243993965"
"11/13/2016","1478995200","25168748733"
"11/14/2016","1479081600","24969184273"
"11/15/2016","1479168000","24586128040"
"11/16/2016","1479254400","24746018974"
"11/17/2016","1479340800","24334480804"
"11/18/2016","1479427200","24779293462"
"11/19/2016","1479513600","24367796634"
"11/20/2016","1479600000","24297865025"
"11/21/2016","1479686400","24827550548"
"11/22/2016","1479772800","23329377849"
"11/23/2016","1479859200","24571404785"
"11/24/2016","1479945600","27981297065"
"11/25/2016","1480032000","24440853301"
"11/26/2016","1480118400","24641800522"
"11/27/2016","1480204800","25256371561"
"11/28/2016","1480291200","25726139305"
"11/29/2016","1480377600","25163119754"
"11/30/2016","1480464000","23375317675"
"12/1/2016","1480550400","22785340768"
"12/2/2016","1480636800","23095222285"
"12/3/2016","1480723200","22832490174"
"12/4/2016","1480809600","22644586389"
"12/5/2016","1480896000","23613848731"
"12/6/2016","1480982400","23636815655"
"12/7/2016","1481068800","23374892164"
"12/8/2016","1481155200","939588332579"
"12/9/2016","1481241600","22949471336"
"12/10/2016","1481328000","22755035263"
"12/11/2016","1481414400","23102362744"
"12/12/2016","1481500800","23597952573"
"12/13/2016","1481587200","22648901910"
"12/14/2016","1481673600","22618352558"
"12/15/2016","1481760000","23094151934"
"12/16/2016","1481846400","22992393242"
"12/17/2016","1481932800","23595023607"
"12/18/2016","1482019200","23992718388"
"12/19/2016","1482105600","23123514564"
"12/20/2016","1482192000","24119840003"
"12/21/2016","1482278400","23592292635"
"12/22/2016","1482364800","20481256826"
"12/23/2016","1482451200","21893017280"
"12/24/2016","1482537600","22905581735"
"12/25/2016","1482624000","22736759512"
"12/26/2016","1482710400","22814139095"
"12/27/2016","1482796800","23152519818"
"12/28/2016","1482883200","22822250696"
"12/29/2016","1482969600","23046273651"
"12/30/2016","1483056000","22836679784"
"12/31/2016","1483142400","22450276633"
"1/1/2017","1483228800","22502464773"
"1/2/2017","1483315200","22989772352"
"1/3/2017","1483401600","23220439902"
"1/4/2017","1483488000","23038159919"
"1/5/2017","1483574400","22939235415"
"1/6/2017","1483660800","23009819425"
"1/7/2017","1483747200","22843513981"
"1/8/2017","1483833600","22998988736"
"1/9/2017","1483920000","23091635207"
"1/10/2017","1484006400","22532703925"
"1/11/2017","1484092800","22676639926"
"1/12/2017","1484179200","23040753981"
"1/13/2017","1484265600","22119879499"
"1/14/2017","1484352000","22409886093"
"1/15/2017","1484438400","22419878847"
"1/16/2017","1484524800","22395773525"
"1/17/2017","1484611200","22742343222"
"1/18/2017","1484697600","22420105832"
"1/19/2017","1484784000","22228644380"
"1/20/2017","1484870400","22369863556"
"1/21/2017","1484956800","22405633901"
"1/22/2017","1485043200","22118050371"
"1/23/2017","1485129600","22267116021"
"1/24/2017","1485216000","22081334070"
"1/25/2017","1485302400","22329866070"
"1/26/2017","1485388800","22478987111"
"1/27/2017","1485475200","22449741445"
"1/28/2017","1485561600","22219721089"
"1/29/2017","1485648000","22393586898"
"1/30/2017","1485734400","22234080218"
"1/31/2017","1485820800","23010693003"
"2/1/2017","1485907200","22534983936"
"2/2/2017","1485993600","22623466807"
"2/3/2017","1486080000","22508635957"
"2/4/2017","1486166400","22623314914"
"2/5/2017","1486252800","22331019732"
"2/6/2017","1486339200","22488425969"
"2/7/2017","1486425600","22381838948"
"2/8/2017","1486512000","22770223820"
"2/9/2017","1486598400","22865377988"
"2/10/2017","1486684800","22403621823"
"2/11/2017","1486771200","22195555854"
"2/12/2017","1486857600","22626108892"
"2/13/2017","1486944000","23210412106"
"2/14/2017","1487030400","22818886821"
"2/15/2017","1487116800","31915437681"
"2/16/2017","1487203200","22602328224"
"2/17/2017","1487289600","22533195533"
"2/18/2017","1487376000","23057941420"
"2/19/2017","1487462400","22391656238"
"2/20/2017","1487548800","22466228953"
"2/21/2017","1487635200","22569187220"
"2/22/2017","1487721600","22844411723"
"2/23/2017","1487808000","22741575515"
"2/24/2017","1487894400","22755690878"
"2/25/2017","1487980800","22580332911"
"2/26/2017","1488067200","22771424431"
"2/27/2017","1488153600","23193818563"
"2/28/2017","1488240000","23580755304"
"3/1/2017","1488326400","27402631555"
"3/2/2017","1488412800","23609865289"
"3/3/2017","1488499200","23008036079"
"3/4/2017","1488585600","22752613012"
"3/5/2017","1488672000","22459193729"
"3/6/2017","1488758400","22683379793"
"3/7/2017","1488844800","22439900327"
"3/8/2017","1488931200","22717981194"
"3/9/2017","1489017600","22460423289"
"3/10/2017","1489104000","25715550291"
"3/11/2017","1489190400","22822227019"
"3/12/2017","1489276800","22944292835"
"3/13/2017","1489363200","23503094188"
"3/14/2017","1489449600","22958465248"
"3/15/2017","1489536000","22877843867"
"3/16/2017","1489622400","23318234775"
"3/17/2017","1489708800","27329559604"
"3/18/2017","1489795200","22588280322"
"3/19/2017","1489881600","22676654708"
"3/20/2017","1489968000","22485861954"
"3/21/2017","1490054400","22401666063"
"3/22/2017","1490140800","22752454613"
"3/23/2017","1490227200","22541771175"
"3/24/2017","1490313600","27441833681"
"3/25/2017","1490400000","23012529660"
"3/26/2017","1490486400","22249849693"
"3/27/2017","1490572800","22247794560"
"3/28/2017","1490659200","22247087954"
"3/29/2017","1490745600","22264312196"
"3/30/2017","1490832000","22337722011"
"3/31/2017","1490918400","22421222086"
"4/1/2017","1491004800","22145659410"
"4/2/2017","1491091200","22176202916"
"4/3/2017","1491177600","22176569227"
"4/4/2017","1491264000","22335006404"
"4/5/2017","1491350400","22438228964"
"4/6/2017","1491436800","22774967565"
"4/7/2017","1491523200","22133175527"
"4/8/2017","1491609600","22134943280"
"4/9/2017","1491696000","21963656913"
"4/10/2017","1491782400","22330645586"
"4/11/2017","1491868800","22007626117"
"4/12/2017","1491955200","23067711028"
"4/13/2017","1492041600","22310955741"
"4/14/2017","1492128000","22257379067"
"4/15/2017","1492214400","22240477959"
"4/16/2017","1492300800","22100218538"
"4/17/2017","1492387200","22255010723"
"4/18/2017","1492473600","22747420158"
"4/19/2017","1492560000","22626922333"
"4/20/2017","1492646400","22480105997"
"4/21/2017","1492732800","22819358782"
"4/22/2017","1492819200","22631052480"
"4/23/2017","1492905600","21898039096"
"4/24/2017","1492992000","22992421400"
"4/25/2017","1493078400","21734015245"
"4/26/2017","1493164800","22048839796"
"4/27/2017","1493251200","22377947330"
"4/28/2017","1493337600","22130700584"
"4/29/2017","1493424000","22799209590"
"4/30/2017","1493510400","22541845100"
"5/1/2017","1493596800","22989649815"
"5/2/2017","1493683200","22975461233"
"5/3/2017","1493769600","22182605256"
"5/4/2017","1493856000","22523480694"
"5/5/2017","1493942400","22905913235"
"5/6/2017","1494028800","22254507120"
"5/7/2017","1494115200","22863576069"
"5/8/2017","1494201600","22304778708"
"5/9/2017","1494288000","22419891708"
"5/10/2017","1494374400","22141501610"
"5/11/2017","1494460800","22276386524"
"5/12/2017","1494547200","22224260597"
"5/13/2017","1494633600","22176736929"
"5/14/2017","1494720000","22054420864"
"5/15/2017","1494806400","22225479222"
"5/16/2017","1494892800","22338079736"
"5/17/2017","1494979200","26658490658"
"5/18/2017","1495065600","22641931556"
"5/19/2017","1495152000","22510140833"
"5/20/2017","1495238400","22578527232"
"5/21/2017","1495324800","22366670221"
"5/22/2017","1495411200","22950916506"
"5/23/2017","1495497600","22876914693"
"5/24/2017","1495584000","23511877462"
"5/25/2017","1495670400","22627478169"
"5/26/2017","1495756800","22767260891"
"5/27/2017","1495843200","22312210827"
"5/28/2017","1495929600","21916364414"
"5/29/2017","1496016000","22429141176"
"5/30/2017","1496102400","24758885831"
"5/31/2017","1496188800","38210063774"
"6/1/2017","1496275200","23808562950"
"6/2/2017","1496361600","22913829909"
"6/3/2017","1496448000","22677818318"
"6/4/2017","1496534400","23508783552"
"6/5/2017","1496620800","22886137204"
"6/6/2017","1496707200","23539130279"
"6/7/2017","1496793600","23555770569"
"6/8/2017","1496880000","23571788218"
"6/9/2017","1496966400","22518978783"
"6/10/2017","1497052800","22422146714"
"6/11/2017","1497139200","23843612254"
"6/12/2017","1497225600","30391141090"
"6/13/2017","1497312000","24903912970"
"6/14/2017","1497398400","22812812579"
"6/15/2017","1497484800","23411815379"
"6/16/2017","1497571200","22083654403"
"6/17/2017","1497657600","20940055933"
"6/18/2017","1497744000","19777146521"
"6/19/2017","1497830400","21054562068"
"6/20/2017","1497916800","35606261848"
"6/21/2017","1498003200","58264077197"
"6/22/2017","1498089600","41150573699"
"6/23/2017","1498176000","40960227374"
"6/24/2017","1498262400","47309213754"
"6/25/2017","1498348800","34521352334"
"6/26/2017","1498435200","49580734026"
"6/27/2017","1498521600","31580245373"
"6/28/2017","1498608000","43482890266"
"6/29/2017","1498694400","35022170593"
"6/30/2017","1498780800","27223635401"
"7/1/2017","1498867200","26689728580"
"7/2/2017","1498953600","25581333280"
"7/3/2017","1499040000","28117349173"
"7/4/2017","1499126400","24664144555"
"7/5/2017","1499212800","26133024523"
"7/6/2017","1499299200","24841070314"
"7/7/2017","1499385600","27021742038"
"7/8/2017","1499472000","26089973919"
"7/9/2017","1499558400","26860797614"
"7/10/2017","1499644800","22840512365"
"7/11/2017","1499731200","24575033101"
"7/12/2017","1499817600","24301621064"
"7/13/2017","1499904000","23629822115"
"7/14/2017","1499990400","23119742999"
"7/15/2017","1500076800","26644007281"
"7/16/2017","1500163200","24225254470"
"7/17/2017","1500249600","25008451290"
"7/18/2017","1500336000","26922445269"
"7/19/2017","1500422400","25859171423"
"7/20/2017","1500508800","23785270501"
"7/21/2017","1500595200","34121661718"
"7/22/2017","1500681600","24728177686"
"7/23/2017","1500768000","24411781141"
"7/24/2017","1500854400","24993645320"
"7/25/2017","1500940800","26699669746"
"7/26/2017","1501027200","26644959295"
"7/27/2017","1501113600","25759576270"
"7/28/2017","1501200000","25160319003"
"7/29/2017","1501286400","24073380192"
"7/30/2017","1501372800","23908993567"
"7/31/2017","1501459200","22305961187"
"8/1/2017","1501545600","25462492943"
"8/2/2017","1501632000","25145539900"
"8/3/2017","1501718400","24881344614"
"8/4/2017","1501804800","22630338284"
"8/5/2017","1501891200","23984146001"
"8/6/2017","1501977600","24293412889"
"8/7/2017","1502064000","25187717437"
"8/8/2017","1502150400","23836962422"
"8/9/2017","1502236800","24062207266"
"8/10/2017","1502323200","24244829373"
"8/11/2017","1502409600","25055821756"
"8/12/2017","1502496000","24802395477"
"8/13/2017","1502582400","22053673388"
"8/14/2017","1502668800","22124106465"
"8/15/2017","1502755200","21732658516"
"8/16/2017","1502841600","34716303601"
"8/17/2017","1502928000","29045025650"
"8/18/2017","1503014400","44653492844"
"8/19/2017","1503100800","25853813413"
"8/20/2017","1503187200","22972240493"
"8/21/2017","1503273600","23061643547"
"8/22/2017","1503360000","23423033219"
"8/23/2017","1503446400","23256200293"
"8/24/2017","1503532800","24488987225"
"8/25/2017","1503619200","25311366617"
"8/26/2017","1503705600","22816054496"
"8/27/2017","1503792000","22152769744"
"8/28/2017","1503878400","23023333378"
"8/29/2017","1503964800","26062902403"
"8/30/2017","1504051200","25922353625"
"8/31/2017","1504137600","36202779201"
"9/1/2017","1504224000","29038234385"
"9/2/2017","1504310400","62682734227"
"9/3/2017","1504396800","24625907338"
"9/4/2017","1504483200","27792328086"
"9/5/2017","1504569600","30139309787"
"9/6/2017","1504656000","36519706124"
"9/7/2017","1504742400","36147491376"
"9/8/2017","1504828800","42275877643"
"9/9/2017","1504915200","29941043195"
"9/10/2017","1505001600","36135150446"
"9/11/2017","1505088000","26441744516"
"9/12/2017","1505174400","28430040166"
"9/13/2017","1505260800","27123610125"
"9/14/2017","1505347200","28372005082"
"9/15/2017","1505433600","35527257414"
"9/16/2017","1505520000","35281116400"
"9/17/2017","1505606400","32847109838"
"9/18/2017","1505692800","27527967857"
"9/19/2017","1505779200","28240983765"
"9/20/2017","1505865600","30102925181"
"9/21/2017","1505952000","23983898010"
"9/22/2017","1506038400","24379043547"
"9/23/2017","1506124800","23562292733"
"9/24/2017","1506211200","28226701571"
"9/25/2017","1506297600","25547420148"
"9/26/2017","1506384000","24571949910"
"9/27/2017","1506470400","26548967736"
"9/28/2017","1506556800","25409632808"
"9/29/2017","1506643200","23184436268"
"9/30/2017","1506729600","26231412090"
"10/1/2017","1506816000","24190581701"
"10/2/2017","1506902400","25376879520"
"10/3/2017","1506988800","23882103385"
"10/4/2017","1507075200","23689836678"
"10/5/2017","1507161600","24302843665"
"10/6/2017","1507248000","25759310387"
"10/7/2017","1507334400","22705744740"
"10/8/2017","1507420800","24091593642"
"10/9/2017","1507507200","24174030452"
"10/10/2017","1507593600","25058292801"
"10/11/2017","1507680000","30039329444"
"10/12/2017","1507766400","24512657109"
"10/13/2017","1507852800","26489325565"
"10/14/2017","1507939200","24196653845"
"10/15/2017","1508025600","23514174126"
"10/16/2017","1508112000","16678649826"
"10/17/2017","1508198400","14194850634"
"10/18/2017","1508284800","14081137033"
"10/19/2017","1508371200","12235259269"
"10/20/2017","1508457600","14610349751"
"10/21/2017","1508544000","12128683877"
"10/22/2017","1508630400","10751750663"
"10/23/2017","1508716800","13780011469"
"10/24/2017","1508803200","14415708346"
"10/25/2017","1508889600","12720316553"
"10/26/2017","1508976000","12385996259"
"10/27/2017","1509062400","11545392383"
"10/28/2017","1509148800","10491940195"
"10/29/2017","1509235200","10371979124"
"10/30/2017","1509321600","11808258897"
"10/31/2017","1509408000","13692446133"
"11/1/2017","1509494400","14979336359"
"11/2/2017","1509580800","15919836477"
"11/3/2017","1509667200","12781813101"
"11/4/2017","1509753600","11624799927"
"11/5/2017","1509840000","10703460687"
"11/6/2017","1509926400","10433598351"
"11/7/2017","1510012800","13393206633"
"11/8/2017","1510099200","16154783877"
"11/9/2017","1510185600","15785570759"
"11/10/2017","1510272000","15036090671"
"11/11/2017","1510358400","15394750336"
"11/12/2017","1510444800","18011273725"
"11/13/2017","1510531200","16603636136"
"11/14/2017","1510617600","16704405736"
"11/15/2017","1510704000","17408995522"
"11/16/2017","1510790400","16023943398"
"11/17/2017","1510876800","16406020669"
"11/18/2017","1510963200","13339014477"
"11/19/2017","1511049600","14229082585"
"11/20/2017","1511136000","16089304528"
"11/21/2017","1511222400","17548793491"
"11/22/2017","1511308800","16469836119"
"11/23/2017","1511395200","15992127664"
"11/24/2017","1511481600","15456892039"
"11/25/2017","1511568000","12891179323"
"11/26/2017","1511654400","14953923259"
"11/27/2017","1511740800","15537337870"
"11/28/2017","1511827200","16779210323"
"11/29/2017","1511913600","17499867713"
"11/30/2017","1512000000","16354038320"
"12/1/2017","1512086400","14561757161"
"12/2/2017","1512172800","13179215357"
"12/3/2017","1512259200","14068434201"
"12/4/2017","1512345600","21962218932"
"12/5/2017","1512432000","30921177676"
"12/6/2017","1512518400","42116421717"
"12/7/2017","1512604800","59656597683"
"12/8/2017","1512691200","61102848374"
"12/9/2017","1512777600","55563635227"
"12/10/2017","1512864000","43572173439"
"12/11/2017","1512950400","35272081823"
"12/12/2017","1513036800","38367405491"
"12/13/2017","1513123200","38631503447"
"12/14/2017","1513209600","41791954659"
"12/15/2017","1513296000","35432934113"
"12/16/2017","1513382400","35296363949"
"12/17/2017","1513468800","29121338315"
"12/18/2017","1513555200","27442929390"
"12/19/2017","1513641600","34330952644"
"12/20/2017","1513728000","41559360197"
"12/21/2017","1513814400","41640835518"
"12/22/2017","1513900800","40786863196"
"12/23/2017","1513987200","33285710975"
"12/24/2017","1514073600","30228420219"
"12/25/2017","1514160000","26111076108"
"12/26/2017","1514246400","25927218047"
"12/27/2017","1514332800","25108575762"
"12/28/2017","1514419200","24132948080"
"12/29/2017","1514505600","25027593719"
"12/30/2017","1514592000","24163343242"
"12/31/2017","1514678400","24709168252"
"1/1/2018","1514764800","23306357402"
"1/2/2018","1514851200","26315022737"
"1/3/2018","1514937600","27919698108"
"1/4/2018","1515024000","33357029107"
"1/5/2018","1515110400","84460889356"
"1/6/2018","1515196800","95788574583"
"1/7/2018","1515283200","74588438927"
"1/8/2018","1515369600","73644673858"
"1/9/2018","1515456000","76790296973"
"1/10/2018","1515542400","95442073535"
"1/11/2018","1515628800","82600430565"
"1/12/2018","1515715200","60014533220"
"1/13/2018","1515801600","63717170951"
"1/14/2018","1515888000","58397110440"
"1/15/2018","1515974400","53860527328"
"1/16/2018","1516060800","54778776336"
"1/17/2018","1516147200","52114059603"
"1/18/2018","1516233600","53748001984"
"1/19/2018","1516320000","51161244711"
"1/20/2018","1516406400","51085545977"
"1/21/2018","1516492800","40356756648"
"1/22/2018","1516579200","33802546511"
"1/23/2018","1516665600","39247302060"
"1/24/2018","1516752000","37646911483"
"1/25/2018","1516838400","33569002791"
"1/26/2018","1516924800","28114173259"
"1/27/2018","1517011200","27546279427"
"1/28/2018","1517097600","27800189170"
"1/29/2018","1517184000","37028443300"
"1/30/2018","1517270400","30081646328"
"1/31/2018","1517356800","29402730461"
"2/1/2018","1517443200","40436332603"
"2/2/2018","1517529600","35386250064"
"2/3/2018","1517616000","29301000333"
"2/4/2018","1517702400","29029951503"
"2/5/2018","1517788800","26867195837"
"2/6/2018","1517875200","27964527864"
"2/7/2018","1517961600","26694182218"
"2/8/2018","1518048000","24968333160"
"2/9/2018","1518134400","22856286885"
"2/10/2018","1518220800","23836230354"
"2/11/2018","1518307200","21902813565"
"2/12/2018","1518393600","20824108310"
"2/13/2018","1518480000","21675219499"
"2/14/2018","1518566400","22501126990"
"2/15/2018","1518652800","21565784189"
"2/16/2018","1518739200","21590561665"
"2/17/2018","1518825600","21836733413"
"2/18/2018","1518912000","23119908681"
"2/19/2018","1518998400","19905796465"
"2/20/2018","1519084800","20246730594"
"2/21/2018","1519171200","19358082715"
"2/22/2018","1519257600","17902757911"
"2/23/2018","1519344000","18833737841"
"2/24/2018","1519430400","19384760070"
"2/25/2018","1519516800","16760068675"
"2/26/2018","1519603200","17771487138"
"2/27/2018","1519689600","17894714377"
"2/28/2018","1519776000","20187807483"
"3/1/2018","1519862400","18473527342"
"3/2/2018","1519948800","20451455718"
"3/3/2018","1520035200","16322757085"
"3/4/2018","1520121600","17306576278"
"3/5/2018","1520208000","19642692604"
"3/6/2018","1520294400","18179260115"
"3/7/2018","1520380800","19767121442"
"3/8/2018","1520467200","18357044883"
"3/9/2018","1520553600","17752199400"
"3/10/2018","1520640000","14790736580"
"3/11/2018","1520726400","13799398206"
"3/12/2018","1520812800","15351654962"
"3/13/2018","1520899200","13206717876"
"3/14/2018","1520985600","14203805847"
"3/15/2018","1521072000","14353164971"
"3/16/2018","1521158400","16340801409"
"3/17/2018","1521244800","12252599210"
"3/18/2018","1521331200","12747853336"
"3/19/2018","1521417600","13093728143"
"3/20/2018","1521504000","13429840214"
"3/21/2018","1521590400","14142299137"
"3/22/2018","1521676800","14406721931"
"3/23/2018","1521763200","15620447607"
"3/24/2018","1521849600","13781856544"
"3/25/2018","1521936000","13537750854"
"3/26/2018","1522022400","18175711428"
"3/27/2018","1522108800","14361185569"
"3/28/2018","1522195200","14632876426"
"3/29/2018","1522281600","15636728747"
"3/30/2018","1522368000","12774734071"
"3/31/2018","1522454400","11477477292"
"4/1/2018","1522540800","11102468465"
"4/2/2018","1522627200","12126196454"
"4/3/2018","1522713600","12293014582"
"4/4/2018","1522800000","10971643800"
"4/5/2018","1522886400","15470303694"
"4/6/2018","1522972800","13576704140"
"4/7/2018","1523059200","10753965447"
"4/8/2018","1523145600","10486377770"
"4/9/2018","1523232000","11897226799"
"4/10/2018","1523318400","12186519151"
"4/11/2018","1523404800","12413186820"
"4/12/2018","1523491200","13472050250"
"4/13/2018","1523577600","15622290969"
"4/14/2018","1523664000","12185010900"
"4/15/2018","1523750400","11501339825"
"4/16/2018","1523836800","11892614029"
"4/17/2018","1523923200","12173043612"
"4/18/2018","1524009600","14288533754"
"4/19/2018","1524096000","12808754360"
"4/20/2018","1524182400","12534360242"
"4/21/2018","1524268800","11341532081"
"4/22/2018","1524355200","11663977885"
"4/23/2018","1524441600","12244561688"
"4/24/2018","1524528000","14321823448"
"4/25/2018","1524614400","13557508252"
"4/26/2018","1524700800","14271989942"
"4/27/2018","1524787200","14685431596"
"4/28/2018","1524873600","17582460945"
"4/29/2018","1524960000","15442471407"
"4/30/2018","1525046400","16262401104"
"5/1/2018","1525132800","14281953004"
"5/2/2018","1525219200","14722424091"
"5/3/2018","1525305600","16368874314"
"5/4/2018","1525392000","14696638866"
"5/5/2018","1525478400","13440494470"
"5/6/2018","1525564800","13668120194"
"5/7/2018","1525651200","13631658303"
"5/8/2018","1525737600","16204375940"
"5/9/2018","1525824000","15052534314"
"5/10/2018","1525910400","18434177249"
"5/11/2018","1525996800","18760220475"
"5/12/2018","1526083200","13466355305"
"5/13/2018","1526169600","14402165925"
"5/14/2018","1526256000","18385997794"
"5/15/2018","1526342400","18370030387"
"5/16/2018","1526428800","18298682673"
"5/17/2018","1526515200","18994356610"
"5/18/2018","1526601600","18721721358"
"5/19/2018","1526688000","17766897892"
"5/20/2018","1526774400","16896601978"
"5/21/2018","1526860800","17929703654"
"5/22/2018","1526947200","19404072640"
"5/23/2018","1527033600","19763806846"
"5/24/2018","1527120000","18505927074"
"5/25/2018","1527206400","18300433853"
"5/26/2018","1527292800","15815615114"
"5/27/2018","1527379200","14776104835"
"5/28/2018","1527465600","21322427757"
"5/29/2018","1527552000","21228260655"
"5/30/2018","1527638400","21433398617"
"5/31/2018","1527724800","26020776841"
"6/1/2018","1527811200","22281817392"
"6/2/2018","1527897600","16102612105"
"6/3/2018","1527984000","15436188157"
"6/4/2018","1528070400","19065322604"
"6/5/2018","1528156800","17186633256"
"6/6/2018","1528243200","19741822241"
"6/7/2018","1528329600","16981460044"
"6/8/2018","1528416000","15945608934"
"6/9/2018","1528502400","12618229591"
"6/10/2018","1528588800","12552615017"
"6/11/2018","1528675200","13950267534"
"6/12/2018","1528761600","14048931400"
"6/13/2018","1528848000","14416451849"
"6/14/2018","1528934400","15916958110"
"6/15/2018","1529020800","16804997297"
"6/16/2018","1529107200","24848435239"
"6/17/2018","1529193600","11225914551"
"6/18/2018","1529280000","11823977189"
"6/19/2018","1529366400","14427312991"
"6/20/2018","1529452800","13472257819"
"6/21/2018","1529539200","13047918845"
"6/22/2018","1529625600","38878511772"
"6/23/2018","1529712000","14029394940"
"6/24/2018","1529798400","16163435399"
"6/25/2018","1529884800","15637044897"
"6/26/2018","1529971200","12011100131"
"6/27/2018","1530057600","12446563365"
"6/28/2018","1530144000","11696277117"
"6/29/2018","1530230400","12115784768"
"6/30/2018","1530316800","34210516007"
"7/1/2018","1530403200","59842298209"
"7/2/2018","1530489600","86348485003"
"7/3/2018","1530576000","82063750329"
"7/4/2018","1530662400","59083789609"
"7/5/2018","1530748800","48722316331"
"7/6/2018","1530835200","70207114167"
"7/7/2018","1530921600","60236707195"
"7/8/2018","1531008000","35585852337"
"7/9/2018","1531094400","25829787141"
"7/10/2018","1531180800","21324119980"
"7/11/2018","1531267200","19054597794"
"7/12/2018","1531353600","29189063475"
"7/13/2018","1531440000","29846792155"
"7/14/2018","1531526400","57677945355"
"7/15/2018","1531612800","48216188725"
"7/16/2018","1531699200","18562899613"
"7/17/2018","1531785600","17548648323"
"7/18/2018","1531872000","15413432909"
"7/19/2018","1531958400","13033482562"
"7/20/2018","1532044800","15878840129"
"7/21/2018","1532131200","15826395751"
"7/22/2018","1532217600","11032570831"
"7/23/2018","1532304000","15546838989"
"7/24/2018","1532390400","15414715967"
"7/25/2018","1532476800","13351179160"
"7/26/2018","1532563200","12324821471"
"7/27/2018","1532649600","10745209264"
"7/28/2018","1532736000","11542424148"
"7/29/2018","1532822400","9257167474"
"7/30/2018","1532908800","10934695303"
"7/31/2018","1532995200","11023798202"
"8/1/2018","1533081600","36681296496"
"8/2/2018","1533168000","10200915813"
"8/3/2018","1533254400","10514159674"
"8/4/2018","1533340800","9924637420"
"8/5/2018","1533427200","8072326506"
"8/6/2018","1533513600","12535927147"
"8/7/2018","1533600000","25250639628"
"8/8/2018","1533686400","57398987243"
"8/9/2018","1533772800","53118840657"
"8/10/2018","1533859200","34476266415"
"8/11/2018","1533945600","14836056985"
"8/12/2018","1534032000","10976239504"
"8/13/2018","1534118400","14813774854"
"8/14/2018","1534204800","16051359286"
"8/15/2018","1534291200","15051933577"
"8/16/2018","1534377600","12638796914"
"8/17/2018","1534464000","39211744629"
"8/18/2018","1534550400","16113373784"
"8/19/2018","1534636800","14361319521"
"8/20/2018","1534723200","12426913415"
"8/21/2018","1534809600","13046942385"
"8/22/2018","1534896000","17019976734"
"8/23/2018","1534982400","14051914381"
"8/24/2018","1535068800","21501969162"
"8/25/2018","1535155200","11428670781"
"8/26/2018","1535241600","16106529314"
"8/27/2018","1535328000","12387120423"
"8/28/2018","1535414400","12808584631"
"8/29/2018","1535500800","17290135695"
"8/30/2018","1535587200","13559213793"
"8/31/2018","1535673600","14419214330"
"9/1/2018","1535760000","11043181909"
"9/2/2018","1535846400","10276825820"
"9/3/2018","1535932800","12111122355"
"9/4/2018","1536019200","13885223845"
"9/5/2018","1536105600","12606166478"
"9/6/2018","1536192000","14951867224"
"9/7/2018","1536278400","14734121984"
"9/8/2018","1536364800","12166983189"
"9/9/2018","1536451200","12538460676"
"9/10/2018","1536537600","13452874427"
"9/11/2018","1536624000","15682663024"
"9/12/2018","1536710400","16182751014"
"9/13/2018","1536796800","16645393282"
"9/14/2018","1536883200","14645624925"
"9/15/2018","1536969600","13261799419"
"9/16/2018","1537056000","13161379589"
"9/17/2018","1537142400","15406825205"
"9/18/2018","1537228800","25201881762"
"9/19/2018","1537315200","19871422869"
"9/20/2018","1537401600","15892963469"
"9/21/2018","1537488000","18242050701"
"9/22/2018","1537574400","14429730599"
"9/23/2018","1537660800","13141149214"
"9/24/2018","1537747200","16838604807"
"9/25/2018","1537833600","16972035503"
"9/26/2018","1537920000","16344658408"
"9/27/2018","1538006400","16744302672"
"9/28/2018","1538092800","18138439166"
"9/29/2018","1538179200","21874799566"
"9/30/2018","1538265600","16556363668"
"10/1/2018","1538352000","18941010255"
"10/2/2018","1538438400","19034870185"
"10/3/2018","1538524800","13248714205"
"10/4/2018","1538611200","13254100643"
"10/5/2018","1538697600","13568425987"
"10/6/2018","1538784000","9435830094"
"10/7/2018","1538870400","11769350664"
"10/8/2018","1538956800","14576687784"
"10/9/2018","1539043200","12984496071"
"10/10/2018","1539129600","15893091379"
"10/11/2018","1539216000","15385072382"
"10/12/2018","1539302400","29285035983"
"10/13/2018","1539388800","11594824099"
"10/14/2018","1539475200","11723908779"
"10/15/2018","1539561600","15629941859"
"10/16/2018","1539648000","12735518129"
"10/17/2018","1539734400","13443082264"
"10/18/2018","1539820800","13150134317"
"10/19/2018","1539907200","13701804233"
"10/20/2018","1539993600","13289407017"
"10/21/2018","1540080000","12030570166"
"10/22/2018","1540166400","13162272626"
"10/23/2018","1540252800","14521834338"
"10/24/2018","1540339200","15173388388"
"10/25/2018","1540425600","16014791521"
"10/26/2018","1540512000","16417658883"
"10/27/2018","1540598400","14137366445"
"10/28/2018","1540684800","12960915217"
"10/29/2018","1540771200","14943596679"
"10/30/2018","1540857600","14925838057"
"10/31/2018","1540944000","14904469017"
"11/1/2018","1541030400","14202259616"
"11/2/2018","1541116800","15183112207"
"11/3/2018","1541203200","16145620959"
"11/4/2018","1541289600","13064568368"
"11/5/2018","1541376000","16749446191"
"11/6/2018","1541462400","17333551729"
"11/7/2018","1541548800","16337162082"
"11/8/2018","1541635200","18892302279"
"11/9/2018","1541721600","15752819992"
"11/10/2018","1541808000","12031282399"
"11/11/2018","1541894400","10621852227"
"11/12/2018","1541980800","14368146227"
"11/13/2018","1542067200","15059123069"
"11/14/2018","1542153600","17416039750"
"11/15/2018","1542240000","18474728790"
"11/16/2018","1542326400","16120812190"
"11/17/2018","1542412800","13275250100"
"11/18/2018","1542499200","14895978165"
"11/19/2018","1542585600","17028262287"
"11/20/2018","1542672000","17960754304"
"11/21/2018","1542758400","15269813534"
"11/22/2018","1542844800","15007551180"
"11/23/2018","1542931200","15807815573"
"11/24/2018","1543017600","15420458863"
"11/25/2018","1543104000","16305637620"
"11/26/2018","1543190400","16319129861"
"11/27/2018","1543276800","14675345264"
"11/28/2018","1543363200","16292970940"
"11/29/2018","1543449600","20346219794"
"11/30/2018","1543536000","22652461526"
"12/1/2018","1543622400","17360683398"
"12/2/2018","1543708800","15744999974"
"12/3/2018","1543795200","17352151387"
"12/4/2018","1543881600","17192821913"
"12/5/2018","1543968000","17707618986"
"12/6/2018","1544054400","16361316325"
"12/7/2018","1544140800","16593133453"
"12/8/2018","1544227200","12334654966"
"12/9/2018","1544313600","11985499611"
"12/10/2018","1544400000","13943396527"
"12/11/2018","1544486400","14800362183"
"12/12/2018","1544572800","14460515241"
"12/13/2018","1544659200","17612949432"
"12/14/2018","1544745600","29183615469"
"12/15/2018","1544832000","12752651260"
"12/16/2018","1544918400","11777989321"
"12/17/2018","1545004800","13823213704"
"12/18/2018","1545091200","31672019232"
"12/19/2018","1545177600","15897547045"
"12/20/2018","1545264000","15781758963"
"12/21/2018","1545350400","15818617345"
"12/22/2018","1545436800","14021469358"
"12/23/2018","1545523200","14622664850"
"12/24/2018","1545609600","16608758417"
"12/25/2018","1545696000","14765402060"
"12/26/2018","1545782400","24477635489"
"12/27/2018","1545868800","13530493595"
"12/28/2018","1545955200","14151079675"
"12/29/2018","1546041600","12984151825"
"12/30/2018","1546128000","15843483124"
"12/31/2018","1546214400","13844116120"
"1/1/2019","1546300800","14330651283"
"1/2/2019","1546387200","13518333631"
"1/3/2019","1546473600","12695511480"
"1/4/2019","1546560000","14197164275"
"1/5/2019","1546646400","24120227063"
"1/6/2019","1546732800","13443565864"
"1/7/2019","1546819200","15727137336"
"1/8/2019","1546905600","13679045245"
"1/9/2019","1546992000","13525936033"
"1/10/2019","1547078400","15364969669"
"1/11/2019","1547164800","13631672273"
"1/12/2019","1547251200","12182668844"
"1/13/2019","1547337600","12299362181"
"1/14/2019","1547424000","19179700938"
"1/15/2019","1547510400","18403886289"
"1/16/2019","1547596800","20629866067"
"1/17/2019","1547683200","13639170146"
"1/18/2019","1547769600","14390713391"
"1/19/2019","1547856000","12427478085"
"1/20/2019","1547942400","12387866392"
"1/21/2019","1548028800","13567626739"
"1/22/2019","1548115200","18561474026"
"1/23/2019","1548201600","13308904468"
"1/24/2019","1548288000","14394162195"
"1/25/2019","1548374400","13857565780"
"1/26/2019","1548460800","12616710414"
"1/27/2019","1548547200","11788620538"
"1/28/2019","1548633600","15213901906"
"1/29/2019","1548720000","12439032644"
"1/30/2019","1548806400","13051979777"
"1/31/2019","1548892800","14209971121"
"2/1/2019","1548979200","13234562600"
"2/2/2019","1549065600","12000569516"
"2/3/2019","1549152000","11637460620"
"2/4/2019","1549238400","12082194503"
"2/5/2019","1549324800","12593215644"
"2/6/2019","1549411200","12593166346"
"2/7/2019","1549497600","14057368181"
"2/8/2019","1549584000","13310836398"
"2/9/2019","1549670400","12390959208"
"2/10/2019","1549756800","12847065310"
"2/11/2019","1549843200","13977805236"
"2/12/2019","1549929600","13012487105"
"2/13/2019","1550016000","13713241302"
"2/14/2019","1550102400","19148327564"
"2/15/2019","1550188800","14753437258"
"2/16/2019","1550275200","13510079150"
"2/17/2019","1550361600","13757940835"
"2/18/2019","1550448000","17094399315"
"2/19/2019","1550534400","373905995022"
"2/20/2019","1550620800","16098676684"
"2/21/2019","1550707200","15306757881"
"2/22/2019","1550793600","14913439608"
"2/23/2019","1550880000","14039107293"
"2/24/2019","1550966400","16251853700"
"2/25/2019","1551052800","17020990610"
"2/26/2019","1551139200","17415861033"
"2/27/2019","1551225600","16334617513"
"2/28/2019","1551312000","18834674068"
"3/1/2019","1551398400","12974077284"
"3/2/2019","1551484800","12153807142"
"3/3/2019","1551571200","12061882513"
"3/4/2019","1551657600","12666122902"
"3/5/2019","1551744000","13496902482"
"3/6/2019","1551830400","14045984060"
"3/7/2019","1551916800","13740882181"
"3/8/2019","1552003200","13479470622"
"3/9/2019","1552089600","11957111022"
"3/10/2019","1552176000","12106103256"
"3/11/2019","1552262400","12484460496"
"3/12/2019","1552348800","12238102548"
"3/13/2019","1552435200","11704565023"
"3/14/2019","1552521600","11052545157"
"3/15/2019","1552608000","11016047852"
"3/16/2019","1552694400","10383394399"
"3/17/2019","1552780800","14577386112"
"3/18/2019","1552867200","195879275790"
"3/19/2019","1552953600","13115885101"
"3/20/2019","1553040000","12179174942"
"3/21/2019","1553126400","13904796043"
"3/22/2019","1553212800","12584442788"
"3/23/2019","1553299200","10993968628"
"3/24/2019","1553385600","11003609358"
"3/25/2019","1553472000","12549223821"
"3/26/2019","1553558400","13059718677"
"3/27/2019","1553644800","13596847307"
"3/28/2019","1553731200","12197114669"
"3/29/2019","1553817600","12576130900"
"3/30/2019","1553904000","10413550419"
"3/31/2019","1553990400","10558447429"
"4/1/2019","1554076800","12552870066"
"4/2/2019","1554163200","13857811373"
"4/3/2019","1554249600","16783552076"
"4/4/2019","1554336000","13718910474"
"4/5/2019","1554422400","11844298751"
"4/6/2019","1554508800","10759382633"
"4/7/2019","1554595200","11332764771"
"4/8/2019","1554681600","12537949552"
"4/9/2019","1554768000","12040035380"
"4/10/2019","1554854400","15258127612"
"4/11/2019","1554940800","12499489602"
"4/12/2019","1555027200","11673635693"
"4/13/2019","1555113600","10652876605"
"4/14/2019","1555200000","10388886423"
"4/15/2019","1555286400","10617255578"
"4/16/2019","1555372800","10784749556"
"4/17/2019","1555459200","11272692912"
"4/18/2019","1555545600","11933245058"
"4/19/2019","1555632000","11036616753"
"4/20/2019","1555718400","8988625935"
"4/21/2019","1555804800","9504825894"
"4/22/2019","1555891200","10745867154"
"4/23/2019","1555977600","11225045012"
"4/24/2019","1556064000","12141527708"
"4/25/2019","1556150400","10528010066"
"4/26/2019","1556236800","12095560071"
"4/27/2019","1556323200","9632992552"
"4/28/2019","1556409600","9399212617"
"4/29/2019","1556496000","10356343230"
"4/30/2019","1556582400","10119622328"
"5/1/2019","1556668800","9786414125"
"5/2/2019","1556755200","40480290586"
"5/3/2019","1556841600","10997063020"
"5/4/2019","1556928000","10092628539"
"5/5/2019","1557014400","9698121519"
"5/6/2019","1557100800","10589774139"
"5/7/2019","1557187200","12582212961"
"5/8/2019","1557273600","10988087035"
"5/9/2019","1557360000","10636414510"
"5/10/2019","1557446400","11387738585"
"5/11/2019","1557532800","10905004770"
"5/12/2019","1557619200","10835160355"
"5/13/2019","1557705600","13689484729"
"5/14/2019","1557792000","13338733306"
"5/15/2019","1557878400","16275386400"
"5/16/2019","1557964800","21005575115"
"5/17/2019","1558051200","18212850135"
"5/18/2019","1558137600","14709151796"
"5/19/2019","1558224000","14046405891"
"5/20/2019","1558310400","15523993957"
"5/21/2019","1558396800","12949937514"
"5/22/2019","1558483200","16439389013"
"5/23/2019","1558569600","14469157604"
"5/24/2019","1558656000","15059891209"
"5/25/2019","1558742400","12137206615"
"5/26/2019","1558828800","10795166754"
"5/27/2019","1558915200","14709981473"
"5/28/2019","1559001600","15120065441"
"5/29/2019","1559088000","16609583268"
"5/30/2019","1559174400","17362707848"
"5/31/2019","1559260800","15875042148"
"6/1/2019","1559347200","13503119540"
"6/2/2019","1559433600","10838097166"
"6/3/2019","1559520000","13640935323"
"6/4/2019","1559606400","14336552294"
"6/5/2019","1559692800","14726678555"
"6/6/2019","1559779200","12778204456"
"6/7/2019","1559865600","13551596264"
"6/8/2019","1559952000","17865004622"
"6/9/2019","1560038400","11772205947"
"6/10/2019","1560124800","18767554680"
"6/11/2019","1560211200","15302451335"
"6/12/2019","1560297600","10704744804"
"6/13/2019","1560384000","12498549026"
"6/14/2019","1560470400","14507586823"
"6/15/2019","1560556800","16655327552"
"6/16/2019","1560643200","11744583227"
"6/17/2019","1560729600","18033291141"
"6/18/2019","1560816000","14140107747"
"6/19/2019","1560902400","15149051110"
"6/20/2019","1560988800","19171082160"
"6/21/2019","1561075200","13132476474"
"6/22/2019","1561161600","13079405563"
"6/23/2019","1561248000","12904678821"
"6/24/2019","1561334400","14343913979"
"6/25/2019","1561420800","18442820009"
"6/26/2019","1561507200","18226501386"
"6/27/2019","1561593600","20536617245"
"6/28/2019","1561680000","17836887762"
"6/29/2019","1561766400","14969393891"
"6/30/2019","1561852800","16147637271"
"7/1/2019","1561939200","19512205713"
"7/2/2019","1562025600","15735865298"
"7/3/2019","1562112000","13480141945"
"7/4/2019","1562198400","12364123019"
"7/5/2019","1562284800","14987264501"
"7/6/2019","1562371200","14142027457"
"7/7/2019","1562457600","11147195619"
"7/8/2019","1562544000","15397601493"
"7/9/2019","1562630400","13383300658"
"7/10/2019","1562716800","12326418288"
"7/11/2019","1562803200","17687551350"
"7/12/2019","1562889600","13888489542"
"7/13/2019","1562976000","11680585984"
"7/14/2019","1563062400","14577611095"
"7/15/2019","1563148800","14426857237"
"7/16/2019","1563235200","22122486062"
"7/17/2019","1563321600","19083353124"
"7/18/2019","1563408000","13195635523"
"7/19/2019","1563494400","17348942255"
"7/20/2019","1563580800","11840097601"
"7/21/2019","1563667200","12479706324"
"7/22/2019","1563753600","12142840638"
"7/23/2019","1563840000","13450918814"
"7/24/2019","1563926400","18814448444"
"7/25/2019","1564012800","17932204080"
"7/26/2019","1564099200","12838413297"
"7/27/2019","1564185600","11947823376"
"7/28/2019","1564272000","10847884346"
"7/29/2019","1564358400","12397806559"
"7/30/2019","1564444800","12981815912"
"7/31/2019","1564531200","13135247596"
"8/1/2019","1564617600","18322408906"
"8/2/2019","1564704000","14823555455"
"8/3/2019","1564790400","17617275530"
"8/4/2019","1564876800","10409458393"
"8/5/2019","1564963200","12210509054"
"8/6/2019","1565049600","12165349434"
"8/7/2019","1565136000","11738350907"
"8/8/2019","1565222400","12955325988"
"8/9/2019","1565308800","13282666611"
"8/10/2019","1565395200","12206554100"
"8/11/2019","1565481600","11603713466"
"8/12/2019","1565568000","12880972727"
"8/13/2019","1565654400","18843208007"
"8/14/2019","1565740800","12123884054"
"8/15/2019","1565827200","14148150754"
"8/16/2019","1565913600","12115168092"
"8/17/2019","1566000000","10569108357"
"8/18/2019","1566086400","11034378823"
"8/19/2019","1566172800","13799990972"
"8/20/2019","1566259200","13732033156"
"8/21/2019","1566345600","16137663683"
"8/22/2019","1566432000","14728994674"
"8/23/2019","1566518400","13885136910"
"8/24/2019","1566604800","12922493779"
"8/25/2019","1566691200","13825531935"
"8/26/2019","1566777600","17091718069"
"8/27/2019","1566864000","14643027992"
"8/28/2019","1566950400","14687429096"
"8/29/2019","1567036800","14972039939"
"8/30/2019","1567123200","14683175769"
"8/31/2019","1567209600","14081874858"
"9/1/2019","1567296000","14737729279"
"9/2/2019","1567382400","15926990579"
"9/3/2019","1567468800","14923674985"
"9/4/2019","1567555200","14800053906"
"9/5/2019","1567641600","18537447007"
"9/6/2019","1567728000","18511322392"
"9/7/2019","1567814400","17638675225"
"9/8/2019","1567900800","18529952052"
"9/9/2019","1567987200","20493754439"
"9/10/2019","1568073600","21909433505"
"9/11/2019","1568160000","21354287415"
"9/12/2019","1568246400","22875111264"
"9/13/2019","1568332800","22002957173"
"9/14/2019","1568419200","22838238246"
"9/15/2019","1568505600","22247768825"
"9/16/2019","1568592000","22828478879"
"9/17/2019","1568678400","26408295258"
"9/18/2019","1568764800","28400755958"
"9/19/2019","1568851200","29790611153"
"9/20/2019","1568937600","28547468411"
"9/21/2019","1569024000","23160146334"
"9/22/2019","1569110400","20620710292"
"9/23/2019","1569196800","25273983935"
"9/24/2019","1569283200","29005803910"
"9/25/2019","1569369600","34523331716"
"9/26/2019","1569456000","24844463848"
"9/27/2019","1569542400","25309113745"
"9/28/2019","1569628800","22571983572"
"9/29/2019","1569715200","23509644437"
"9/30/2019","1569801600","21698036057"
"10/1/2019","1569888000","14792630237"
"10/2/2019","1569974400","14784178819"
"10/3/2019","1570060800","16416641528"
"10/4/2019","1570147200","16620612726"
"10/5/2019","1570233600","15308020009"
"10/6/2019","1570320000","13863525470"
"10/7/2019","1570406400","14672557297"
"10/8/2019","1570492800","14792097829"
"10/9/2019","1570579200","16947877071"
"10/10/2019","1570665600","15841678706"
"10/11/2019","1570752000","15370015405"
"10/12/2019","1570838400","14536181143"
"10/13/2019","1570924800","15214219663"
"10/14/2019","1571011200","15219524599"
"10/15/2019","1571097600","15110469830"
"10/16/2019","1571184000","14449734443"
"10/17/2019","1571270400","14111516782"
"10/18/2019","1571356800","14295776270"
"10/19/2019","1571443200","14181262788"
"10/20/2019","1571529600","15579342674"
"10/21/2019","1571616000","15275793403"
"10/22/2019","1571702400","16354366795"
"10/23/2019","1571788800","18828418999"
"10/24/2019","1571875200","15247927380"
"10/25/2019","1571961600","16022315848"
"10/26/2019","1572048000","16003775608"
"10/27/2019","1572134400","14662908845"
"10/28/2019","1572220800","16063415762"
"10/29/2019","1572307200","16275212916"
"10/30/2019","1572393600","16158350778"
"10/31/2019","1572480000","15988367551"
"11/1/2019","1572566400","15357755865"
"11/2/2019","1572652800","14245599208"
"11/3/2019","1572739200","14596844718"
"11/4/2019","1572825600","15086847398"
"11/5/2019","1572912000","14471734891"
"11/6/2019","1572998400","13890291945"
"11/7/2019","1573084800","17205356282"
"11/8/2019","1573171200","14143518466"
"11/9/2019","1573257600","14334783126"
"11/10/2019","1573344000","13888122126"
"11/11/2019","1573430400","14764625146"
"11/12/2019","1573516800","14527702801"
"11/13/2019","1573603200","14942230244"
"11/14/2019","1573689600","15987898238"
"11/15/2019","1573776000","14426485520"
"11/16/2019","1573862400","13100698613"
"11/17/2019","1573948800","13599253833"
"11/18/2019","1574035200","21613413943"
"11/19/2019","1574121600","14275368805"
"11/20/2019","1574208000","15039835571"
"11/21/2019","1574294400","17827294565"
"11/22/2019","1574380800","23870653045"
"11/23/2019","1574467200","13470958455"
"11/24/2019","1574553600","13759387353"
"11/25/2019","1574640000","20123981060"
"11/26/2019","1574726400","16321234587"
"11/27/2019","1574812800","14460479877"
"11/28/2019","1574899200","14616747830"
"11/29/2019","1574985600","13456025432"
"11/30/2019","1575072000","13169970955"
"12/1/2019","1575158400","16157752499"
"12/2/2019","1575244800","15214773817"
"12/3/2019","1575331200","13985120429"
"12/4/2019","1575417600","13990237704"
"12/5/2019","1575504000","13294192486"
"12/6/2019","1575590400","13469631277"
"12/7/2019","1575676800","12143075170"
"12/8/2019","1575763200","9619578683"
"12/9/2019","1575849600","11586206259"
"12/10/2019","1575936000","12196873088"
"12/11/2019","1576022400","13193611413"
"12/12/2019","1576108800","12094101016"
"12/13/2019","1576195200","12025417709"
"12/14/2019","1576281600","11649625168"
"12/15/2019","1576368000","12379589133"
"12/16/2019","1576454400","13569145225"
"12/17/2019","1576540800","15434108069"
"12/18/2019","1576627200","16536921861"
"12/19/2019","1576713600","12757474902"
"12/20/2019","1576800000","12994689673"
"12/21/2019","1576886400","11587579022"
"12/22/2019","1576972800","11038288256"
"12/23/2019","1577059200","12723118611"
"12/24/2019","1577145600","11744086945"
"12/25/2019","1577232000","11924668484"
"12/26/2019","1577318400","11931708420"
"12/27/2019","1577404800","12102235247"
"12/28/2019","1577491200","11826353778"
"12/29/2019","1577577600","11250754288"
"12/30/2019","1577664000","11988751334"
"12/31/2019","1577750400","14031976089"
"1/1/2020","1577836800","11664054350"
"1/2/2020","1577923200","10566318855"
"1/3/2020","1578009600","11494907509"
"1/4/2020","1578096000","9665112896"
"1/5/2020","1578182400","9764148415"
"1/6/2020","1578268800","10997805904"
"1/7/2020","1578355200","10476977187"
"1/8/2020","1578441600","11402214882"
"1/9/2020","1578528000","10881434074"
"1/10/2020","1578614400","12318556369"
"1/11/2020","1578700800","11171702430"
"1/12/2020","1578787200","10928063165"
"1/13/2020","1578873600","11068867087"
"1/14/2020","1578960000","15755682033"
"1/15/2020","1579046400","11175554900"
"1/16/2020","1579132800","9897575973"
"1/17/2020","1579219200","10666145544"
"1/18/2020","1579305600","10821750721"
"1/19/2020","1579392000","10370811614"
"1/20/2020","1579478400","9628463648"
"1/21/2020","1579564800","9526614167"
"1/22/2020","1579651200","9941370322"
"1/23/2020","1579737600","8959850620"
"1/24/2020","1579824000","8301467582"
"1/25/2020","1579910400","7514852406"
"1/26/2020","1579996800","7320700832"
"1/27/2020","1580083200","8606813919"
"1/28/2020","1580169600","8449745457"
"1/29/2020","1580256000","8556877569"
"1/30/2020","1580342400","9069894645"
"1/31/2020","1580428800","8965856518"
"2/1/2020","1580515200","9214472279"
"2/2/2020","1580601600","9053826022"
"2/3/2020","1580688000","9835898300"
"2/4/2020","1580774400","11701932888"
"2/5/2020","1580860800","12407461484"
"2/6/2020","1580947200","12978312165"
"2/7/2020","1581033600","13091705996"
"2/8/2020","1581120000","11679918227"
"2/9/2020","1581206400","11228783936"
"2/10/2020","1581292800","11353255565"
"2/11/2020","1581379200","11193602823"
"2/12/2020","1581465600","12709993893"
"2/13/2020","1581552000","13279071654"
"2/14/2020","1581638400","12617650524"
"2/15/2020","1581724800","13115693731"
"2/16/2020","1581811200","12554000920"
"2/17/2020","1581897600","11971133911"
"2/18/2020","1581984000","11188045875"
"2/19/2020","1582070400","12083070512"
"2/20/2020","1582156800","12008669668"
"2/21/2020","1582243200","9495219870"
"2/22/2020","1582329600","10362297210"
"2/23/2020","1582416000","12958605117"
"2/24/2020","1582502400","12107326473"
"2/25/2020","1582588800","11691532540"
"2/26/2020","1582675200","14289989019"
"2/27/2020","1582761600","11864912418"
"2/28/2020","1582848000","11792525152"
"2/29/2020","1582934400","9999559185"
"3/1/2020","1583020800","10366775236"
"3/2/2020","1583107200","10060971157"
"3/3/2020","1583193600","10710921879"
"3/4/2020","1583280000","10913931285"
"3/5/2020","1583366400","11518999227"
"3/6/2020","1583452800","11201545592"
"3/7/2020","1583539200","10988477092"
"3/8/2020","1583625600","13029367486"
"3/9/2020","1583712000","14200494445"
"3/10/2020","1583798400","11528169360"
"3/11/2020","1583884800","12884305108"
"3/12/2020","1583971200","77903244661"
"3/13/2020","1584057600","84761822515"
"3/14/2020","1584144000","16662648149"
"3/15/2020","1584230400","14364979897"
"3/16/2020","1584316800","29714620709"
"3/17/2020","1584403200","18731740624"
"3/18/2020","1584489600","15707758551"
"3/19/2020","1584576000","18322233968"
"3/20/2020","1584662400","16360326781"
"3/21/2020","1584748800","12414614632"
"3/22/2020","1584835200","12942212470"
"3/23/2020","1584921600","14465400762"
"3/24/2020","1585008000","13687447647"
"3/25/2020","1585094400","13756761814"
"3/26/2020","1585180800","13022719834"
"3/27/2020","1585267200","12546794673"
"3/28/2020","1585353600","11413783523"
"3/29/2020","1585440000","11020301161"
"3/30/2020","1585526400","11884805218"
"3/31/2020","1585612800","13067204139"
"4/1/2020","1585699200","12158641023"
"4/2/2020","1585785600","13091171982"
"4/3/2020","1585872000","12546736213"
"4/4/2020","1585958400","10643758163"
"4/5/2020","1586044800","10421896817"
"4/6/2020","1586131200","14386395350"
"4/7/2020","1586217600","13013528020"
"4/8/2020","1586304000","11576580760"
"4/9/2020","1586390400","12277136032"
"4/10/2020","1586476800","12269003782"
"4/11/2020","1586563200","11327484697"
"4/12/2020","1586649600","9800432922"
"4/13/2020","1586736000","11939777888"
"4/14/2020","1586822400","12300384022"
"4/15/2020","1586908800","11635342378"
"4/16/2020","1586995200","15064682211"
"4/17/2020","1587081600","12248271015"
"4/18/2020","1587168000","12700922618"
"4/19/2020","1587254400","12031541144"
"4/20/2020","1587340800","13770276031"
"4/21/2020","1587427200","13970900436"
"4/22/2020","1587513600","14191692798"
"4/23/2020","1587600000","14371184956"
"4/24/2020","1587686400","13771090303"
"4/25/2020","1587772800","12538831783"
"4/26/2020","1587859200","13439926391"
"4/27/2020","1587945600","13918385493"
"4/28/2020","1588032000","13052985766"
"4/29/2020","1588118400","18452757606"
"4/30/2020","1588204800","23829583393"
"5/1/2020","1588291200","13888475283"
"5/2/2020","1588377600","11389301751"
"5/3/2020","1588464000","12521236484"
"5/4/2020","1588550400","14983023765"
"5/5/2020","1588636800","15502345363"
"5/6/2020","1588723200","17933308369"
"5/7/2020","1588809600","20866831524"
"5/8/2020","1588896000","20580766613"
"5/9/2020","1588982400","17823163632"
"5/10/2020","1589068800","30507432603"
"5/11/2020","1589155200","24022502727"
"5/12/2020","1589241600","27066815386"
"5/13/2020","1589328000","32980999573"
"5/14/2020","1589414400","41116263713"
"5/15/2020","1589500800","32000157331"
"5/16/2020","1589587200","25477191550"
"5/17/2020","1589673600","27103939904"
"5/18/2020","1589760000","36508693750"
"5/19/2020","1589846400","33240461791"
"5/20/2020","1589932800","36510632877"
"5/21/2020","1590019200","48851382307"
"5/22/2020","1590105600","35001330711"
"5/23/2020","1590192000","22171704727"
"5/24/2020","1590278400","29040279475"
"5/25/2020","1590364800","38094676834"
"5/26/2020","1590451200","37860437126"
"5/27/2020","1590537600","42827563449"
"5/28/2020","1590624000","39750197752"
"5/29/2020","1590710400","34983980235"
"5/30/2020","1590796800","33659377964"
"5/31/2020","1590883200","28385719806"
"6/1/2020","1590969600","32379485381"
"6/2/2020","1591056000","36613726636"
"6/3/2020","1591142400","29769950061"
"6/4/2020","1591228800","31888384257"
"6/5/2020","1591315200","32258089816"
"6/6/2020","1591401600","38721024282"
"6/7/2020","1591488000","40787069912"
"6/8/2020","1591574400","41524824461"
"6/9/2020","1591660800","37266087486"
"6/10/2020","1591747200","581876396895"
"6/11/2020","1591833600","709708435545"
"6/12/2020","1591920000","35616566860"
"6/13/2020","1592006400","29377910098"
"6/14/2020","1592092800","24230716812"
"6/15/2020","1592179200","43250992524"
"6/16/2020","1592265600","40533137609"
"6/17/2020","1592352000","42028712404"
"6/18/2020","1592438400","38424496007"
"6/19/2020","1592524800","39365512466"
"6/20/2020","1592611200","29553002666"
"6/21/2020","1592697600","29937373565"
"6/22/2020","1592784000","41302954545"
"6/23/2020","1592870400","45491287860"
"6/24/2020","1592956800","46589720161"
"6/25/2020","1593043200","42575132701"
"6/26/2020","1593129600","38176707953"
"6/27/2020","1593216000","36769845271"
"6/28/2020","1593302400","35078209646"
"6/29/2020","1593388800","39552762105"
"6/30/2020","1593475200","52294541588"
"7/1/2020","1593561600","47358992980"
"7/2/2020","1593648000","42603951322"
"7/3/2020","1593734400","44742407160"
"7/4/2020","1593820800","33268484751"
"7/5/2020","1593907200","31655035139"
"7/6/2020","1593993600","40437764877"
"7/7/2020","1594080000","40907231924"
"7/8/2020","1594166400","52093643866"
"7/9/2020","1594252800","47477907527"
"7/10/2020","1594339200","38637254876"
"7/11/2020","1594425600","33735159452"
"7/12/2020","1594512000","32085351933"
"7/13/2020","1594598400","50960828747"
"7/14/2020","1594684800","44351239353"
"7/15/2020","1594771200","51587477037"
"7/16/2020","1594857600","55735259161"
"7/17/2020","1594944000","58219936374"
"7/18/2020","1595030400","50656559485"
"7/19/2020","1595116800","54609003475"
"7/20/2020","1595203200","70536742504"
"7/21/2020","1595289600","75884344678"
"7/22/2020","1595376000","72342074874"
"7/23/2020","1595462400","81533077820"
"7/24/2020","1595548800","76416250014"
"7/25/2020","1595635200","82224184318"
"7/26/2020","1595721600","72868554221"
"7/27/2020","1595808000","96651241529"
"7/28/2020","1595894400","71667637214"
"7/29/2020","1595980800","74335028131"
"7/30/2020","1596067200","71596140466"
"7/31/2020","1596153600","78904447180"
"8/1/2020","1596240000","63846952921"
"8/2/2020","1596326400","79704212228"
"8/3/2020","1596412800","69980285209"
"8/4/2020","1596499200","59805862058"
"8/5/2020","1596585600","55170121710"
"8/6/2020","1596672000","60216328698"
"8/7/2020","1596758400","75118872696"
"8/8/2020","1596844800","68308662136"
"8/9/2020","1596931200","77549796325"
"8/10/2020","1597017600","118330751632"
"8/11/2020","1597104000","130226317248"
"8/12/2020","1597190400","223687371417"
"8/13/2020","1597276800","263647078854"
"8/14/2020","1597363200","214593972654"
"8/15/2020","1597449600","121279985669"
"8/16/2020","1597536000","103405893872"
"8/17/2020","1597622400","115609204834"
"8/18/2020","1597708800","132626960562"
"8/19/2020","1597795200","138374481225"
"8/20/2020","1597881600","116489744937"
"8/21/2020","1597968000","161842347101"
"8/22/2020","1598054400","107429133452"
"8/23/2020","1598140800","86163918808"
"8/24/2020","1598227200","98937713405"
"8/25/2020","1598313600","110741208100"
"8/26/2020","1598400000","93103481649"
"8/27/2020","1598486400","97826615038"
"8/28/2020","1598572800","93087752585"
"8/29/2020","1598659200","102907957139"
"8/30/2020","1598745600","211899164124"
"8/31/2020","1598832000","236124357466"
"9/1/2020","1598918400","445944863506"
"9/2/2020","1599004800","480096303210"
"9/3/2020","1599091200","391330863477"
"9/4/2020","1599177600","232290794845"
"9/5/2020","1599264000","276608264542"
"9/6/2020","1599350400","129483046259"
"9/7/2020","1599436800","112638419991"
"9/8/2020","1599523200","103774996937"
"9/9/2020","1599609600","120490254791"
"9/10/2020","1599696000","179314983224"
"9/11/2020","1599782400","147230410369"
"9/12/2020","1599868800","107402741783"
"9/13/2020","1599955200","120532907374"
"9/14/2020","1600041600","199500184878"
"9/15/2020","1600128000","186693081226"
"9/16/2020","1600214400","152924068259"
"9/17/2020","1600300800","538006886531"
"9/18/2020","1600387200","318642907595"
"9/19/2020","1600473600","174319934634"
"9/20/2020","1600560000","132890442848"
"9/21/2020","1600646400","176908105832"
"9/22/2020","1600732800","159389045782"
"9/23/2020","1600819200","128840734977"
"9/24/2020","1600905600","109209158178"
"9/25/2020","1600992000","102666573843"
"9/26/2020","1601078400","83509486824"
"9/27/2020","1601164800","86032333679"
"9/28/2020","1601251200","121961991712"
"9/29/2020","1601337600","153890704190"
"9/30/2020","1601424000","119863366771"
"10/1/2020","1601510400","100691869694"
"10/2/2020","1601596800","93806763969"
"10/3/2020","1601683200","79724495395"
"10/4/2020","1601769600","83002261988"
"10/5/2020","1601856000","90700178586"
"10/6/2020","1601942400","109232953367"
"10/7/2020","1602028800","85972225652"
"10/8/2020","1602115200","87114899986"
"10/9/2020","1602201600","80387358281"
"10/10/2020","1602288000","64197264627"
"10/11/2020","1602374400","49653860265"
"10/12/2020","1602460800","76063541206"
"10/13/2020","1602547200","75080099063"
"10/14/2020","1602633600","75643030426"
"10/15/2020","1602720000","74178882628"
"10/16/2020","1602806400","63068023041"
"10/17/2020","1602892800","36291623945"
"10/18/2020","1602979200","40183042347"
"10/19/2020","1603065600","56873119620"
"10/20/2020","1603152000","61935567910"
"10/21/2020","1603238400","74178258309"
"10/22/2020","1603324800","63311659678"
"10/23/2020","1603411200","58483044067"
"10/24/2020","1603497600","32203857762"
"10/25/2020","1603584000","33050174347"
"10/26/2020","1603670400","55960128939"
"10/27/2020","1603756800","43438225272"
"10/28/2020","1603843200","64546938423"
"10/29/2020","1603929600","68638448298"
"10/30/2020","1604016000","63336696249"
"10/31/2020","1604102400","40821601761"
"11/1/2020","1604188800","33958389367"
"11/2/2020","1604275200","59556293025"
"11/3/2020","1604361600","44994623512"
"11/4/2020","1604448000","36929765158"
"11/5/2020","1604534400","50351219255"
"11/6/2020","1604620800","59743475915"
"11/7/2020","1604707200","55699556300"
"11/8/2020","1604793600","29270287574"
"11/9/2020","1604880000","43036804081"
"11/10/2020","1604966400","50067322104"
"11/11/2020","1605052800","52469222811"
"11/12/2020","1605139200","58433082358"
"11/13/2020","1605225600","54834222262"
"11/14/2020","1605312000","34540619732"
"11/15/2020","1605398400","34544174003"
"11/16/2020","1605484800","47985935398"
"11/17/2020","1605571200","74866465876"
"11/18/2020","1605657600","80394403719"
"11/19/2020","1605744000","46783318521"
"11/20/2020","1605830400","68357121233"
"11/21/2020","1605916800","66371016498"
"11/22/2020","1606003200","62695231579"
"11/23/2020","1606089600","76578870525"
"11/24/2020","1606176000","93649625593"
"11/25/2020","1606262400","61060602390"
"11/26/2020","1606348800","142517747433"
"11/27/2020","1606435200","45168615208"
"11/28/2020","1606521600","34986023055"
"11/29/2020","1606608000","30780782615"
"11/30/2020","1606694400","78983988030"
"12/1/2020","1606780800","87210450983"
"12/2/2020","1606867200","44017238565"
"12/3/2020","1606953600","47047850997"
"12/4/2020","1607040000","54133415152"
"12/5/2020","1607126400","37247774997"
"12/6/2020","1607212800","36457991314"
"12/7/2020","1607299200","50119786947"
"12/8/2020","1607385600","64453892343"
"12/9/2020","1607472000","65315353811"
"12/10/2020","1607558400","56230297216"
"12/11/2020","1607644800","63672809905"
"12/12/2020","1607731200","42794623984"
"12/13/2020","1607817600","45496784769"
"12/14/2020","1607904000","63655438361"
"12/15/2020","1607990400","84560575140"
"12/16/2020","1608076800","83601467306"
"12/17/2020","1608163200","138817534460"
"12/18/2020","1608249600","74197672209"
"12/19/2020","1608336000","70165553145"
"12/20/2020","1608422400","44525185130"
"12/21/2020","1608508800","80001622383"
"12/22/2020","1608595200","66555945514"
"12/23/2020","1608681600","108363073898"
"12/24/2020","1608768000","89685037081"
"12/25/2020","1608854400","91695148943"
"12/26/2020","1608940800","66456740443"
"12/27/2020","1609027200","98656135135"
"12/28/2020","1609113600","114189559877"
"12/29/2020","1609200000","96068312188"
"12/30/2020","1609286400","113634752762"
"12/31/2020","1609372800","99481529136"
"1/1/2021","1609459200","66560418720"
"1/2/2021","1609545600","102605721507"
"1/3/2021","1609632000","170448206739"
"1/4/2021","1609718400","259308818014"
"1/5/2021","1609804800","138143515214"
"1/6/2021","1609891200","125109768991"
"1/7/2021","1609977600","133169446656"
"1/8/2021","1610064000","139786171813"
"1/9/2021","1610150400","92563339823"
"1/10/2021","1610236800","87310659101"
"1/11/2021","1610323200","238075118250"
"1/12/2021","1610409600","87031984990"
"1/13/2021","1610496000","67945681638"
"1/14/2021","1610582400","85478387564"
"1/15/2021","1610668800","94274611075"
"1/16/2021","1610755200","81160820583"
"1/17/2021","1610841600","63895643119"
"1/18/2021","1610928000","75294263372"
"1/19/2021","1611014400","100880101955"
"1/20/2021","1611100800","83504044289"
"1/21/2021","1611187200","121058979442"
"1/22/2021","1611273600","131621951860"
"1/23/2021","1611360000","80179001262"
"1/24/2021","1611446400","81094537437"
"1/25/2021","1611532800","108165111899"
"1/26/2021","1611619200","85152958296"
"1/27/2021","1611705600","100000938092"
"1/28/2021","1611792000","94810705889"
"1/29/2021","1611878400","140718048076"
"1/30/2021","1611964800","113279829168"
"1/31/2021","1612051200","128793092351"
"2/1/2021","1612137600","153670444525"
"2/2/2021","1612224000","175725125692"
"2/3/2021","1612310400","173452930944"
"2/4/2021","1612396800","232624122045"
"2/5/2021","1612483200","252332377959"
"2/6/2021","1612569600","179640400255"
"2/7/2021","1612656000","160070061791"
"2/8/2021","1612742400","212876143856"
"2/9/2021","1612828800","233573642120"
"2/10/2021","1612915200","213088755493"
"2/11/2021","1613001600","175206973615"
"2/12/2021","1613088000","180073474689"
"2/13/2021","1613174400","188806380037"
"2/14/2021","1613260800","150406446159"
"2/15/2021","1613347200","178714935402"
"2/16/2021","1613433600","173040148593"
"2/17/2021","1613520000","173353196892"
"2/18/2021","1613606400","183087330179"
"2/19/2021","1613692800","186185551001"
"2/20/2021","1613779200","201536365984"
"2/21/2021","1613865600","144972264178"
"2/22/2021","1613952000","272678365073"
"2/23/2021","1614038400","373797248353"
"2/24/2021","1614124800","210130693063"
"2/25/2021","1614211200","165093586374"
"2/26/2021","1614297600","158443481334"
"2/27/2021","1614384000","118466010557"
"2/28/2021","1614470400","117851797297"
"3/1/2021","1614556800","118599353229"
"3/2/2021","1614643200","124935317747"
"3/3/2021","1614729600","130985895074"
"3/4/2021","1614816000","112789006531"
"3/5/2021","1614902400","137793802658"
"3/6/2021","1614988800","99200636716"
"3/7/2021","1615075200","132472579830"
"3/8/2021","1615161600","137159601599"
"3/9/2021","1615248000","140390240389"
"3/10/2021","1615334400","134143820746"
"3/11/2021","1615420800","132247327143"
"3/12/2021","1615507200","171780234615"
"3/13/2021","1615593600","162674252399"
"3/14/2021","1615680000","149068956179"
"3/15/2021","1615766400","189463051239"
"3/16/2021","1615852800","188700812770"
"3/17/2021","1615939200","193802222899"
"3/18/2021","1616025600","177580645455"
"3/19/2021","1616112000","158800115050"
"3/20/2021","1616198400","141122871221"
"3/21/2021","1616284800","138089306566"
"3/22/2021","1616371200","187501594542"
"3/23/2021","1616457600","163876571793"
"3/24/2021","1616544000","176580847487"
"3/25/2021","1616630400","179094812700"
"3/26/2021","1616716800","145286643587"
"3/27/2021","1616803200","118832877161"
"3/28/2021","1616889600","124092555106"
"3/29/2021","1616976000","150489681921"
"3/30/2021","1617062400","167319411691"
"3/31/2021","1617148800","210893109900"
"4/1/2021","1617235200","191869919452"
"4/2/2021","1617321600","186231148818"
"4/3/2021","1617408000","146063400928"
"4/4/2021","1617494400","112039248727"
"4/5/2021","1617580800","148795113225"
"4/6/2021","1617667200","153265691515"
"4/7/2021","1617753600","153647677894"
"4/8/2021","1617840000","124438377904"
"4/9/2021","1617926400","118854613506"
"4/10/2021","1618012800","98446127075"
"4/11/2021","1618099200","85229481055"
"4/12/2021","1618185600","109282376325"
"4/13/2021","1618272000","120270890177"
"4/14/2021","1618358400","137756107863"
"4/15/2021","1618444800","105013545945"
"4/16/2021","1618531200","183796313660"
"4/17/2021","1618617600","144966485762"
"4/18/2021","1618704000","170181112745"
"4/19/2021","1618790400","195797651762"
"4/20/2021","1618876800","265510040331"
"4/21/2021","1618963200","166325327588"
"4/22/2021","1619049600","140016002618"
"4/23/2021","1619136000","124223128337"
"4/24/2021","1619222400","67652388873"
"4/25/2021","1619308800","55417762177"
"4/26/2021","1619395200","62694725054"
"4/27/2021","1619481600","66938145405"
"4/28/2021","1619568000","79191609660"
"4/29/2021","1619654400","71836786969"
"4/30/2021","1619740800","56781903115"
"5/1/2021","1619827200","59677504645"
"5/2/2021","1619913600","43095065217"
"5/3/2021","1620000000","66900438914"
"5/4/2021","1620086400","69098834782"
"5/5/2021","1620172800","59385330566"
"5/6/2021","1620259200","65942349676"
"5/7/2021","1620345600","68346008307"
"5/8/2021","1620432000","139807611958"
"5/9/2021","1620518400","130671783382"
"5/10/2021","1620604800","238385113212"
"5/11/2021","1620691200","298765260904"
"5/12/2021","1620777600","281829434837"
"5/13/2021","1620864000","170566587929"
"5/14/2021","1620950400","128797309542"
"5/15/2021","1621036800","93121194895"
"5/16/2021","1621123200","81298825948"
"5/17/2021","1621209600","95485853591"
"5/18/2021","1621296000","88032574764"
"5/19/2021","1621382400","298784466223"
"5/20/2021","1621468800","126958389431"
"5/21/2021","1621555200","114601126841"
"5/22/2021","1621641600","56329952594"
"5/23/2021","1621728000","143673402773"
"5/24/2021","1621814400","68467808560"
"5/25/2021","1621900800","51922095681"
"5/26/2021","1621987200","50146189154"
"5/27/2021","1622073600","39437129759"
"5/28/2021","1622160000","40891552216"
"5/29/2021","1622246400","32976768948"
"5/30/2021","1622332800","28081052885"
"5/31/2021","1622419200","32279087412"
"6/1/2021","1622505600","29750836207"
"6/2/2021","1622592000","32350651721"
"6/3/2021","1622678400","33572372136"
"6/4/2021","1622764800","28918775826"
"6/5/2021","1622851200","22233993451"
"6/6/2021","1622937600","19356063389"
"6/7/2021","1623024000","24527732392"
"6/8/2021","1623110400","32504193436"
"6/9/2021","1623196800","27685890070"
"6/10/2021","1623283200","23897393010"
"6/11/2021","1623369600","25834690110"
"6/12/2021","1623456000","23189790716"
"6/13/2021","1623542400","17507233384"
"6/14/2021","1623628800","22658681944"
"6/15/2021","1623715200","23075725137"
"6/16/2021","1623801600","22743300318"
"6/17/2021","1623888000","24807002704"
"6/18/2021","1623974400","24274221643"
"6/19/2021","1624060800","18577786601"
"6/20/2021","1624147200","20783797940"
"6/21/2021","1624233600","46590886180"
"6/22/2021","1624320000","73163723292"
"6/23/2021","1624406400","25285766550"
"6/24/2021","1624492800","22090212482"
"6/25/2021","1624579200","28010226315"
"6/26/2021","1624665600","18761864623"
"6/27/2021","1624752000","25645892227"
"6/28/2021","1624838400","23714125368"
"6/29/2021","1624924800","26266202579"
"6/30/2021","1625011200","32002625993"
"7/1/2021","1625097600","25133110011"
"7/2/2021","1625184000","20722209911"
"7/3/2021","1625270400","18841863418"
"7/4/2021","1625356800","16413877925"
"7/5/2021","1625443200","20318933757"
"7/6/2021","1625529600","54871815247"
"7/7/2021","1625616000","40369381391"
"7/8/2021","1625702400","37478388049"
"7/9/2021","1625788800","30266605013"
"7/10/2021","1625875200","18988461455"
"7/11/2021","1625961600","15796724325"
"7/12/2021","1626048000","30407815045"
"7/13/2021","1626134400","32450026038"
"7/14/2021","1626220800","45974504881"
"7/15/2021","1626307200","45196906108"
"7/16/2021","1626393600","42029589044"
"7/17/2021","1626480000","29976286417"
"7/18/2021","1626566400","30497194578"
"7/19/2021","1626652800","30440382000"
